{"cameraMode":{"drawMode":0,"name":"Shaded","section":"Shading Mode"},"sceneLighting":true,"audioPlay":false,"sceneViewState":{"m_AlwaysRefresh":false,"showFog":true,"showSkybox":true,"showFlares":true,"showImageEffects":true,"showParticleSystems":true,"showVisualEffectGraphs":true,"m_FxEnabled":true},"in2DMode":false,"pivot":{"x":3.2905240058898927,"y":-6.513754844665527,"z":28.340717315673829},"rotation":{"x":-0.1669592410326004,"y":0.08035517483949661,"z":-0.013653995469212532,"w":-0.9825922846794128},"size":23.83348846435547,"orthographic":false}